payment_event_id,payment_id,order_id,captured_amount,status,captured_at
evt_pay_chaos_000001,PAY-CHAOS-000001,ORD-CHAOS-000001,40500.00,captured,2026-09-01T09:15:00
evt_pay_chaos_000002,PAY-CHAOS-000002,ORD-CHAOS-000002,33400.00,captured,2026-09-01T09:30:00
evt_pay_chaos_000003,PAY-CHAOS-000003,ORD-CHAOS-000003,13000.00,captured,2026-09-01T09:45:00
evt_pay_chaos_000004,PAY-CHAOS-000004,ORD-CHAOS-000004,26300.00,captured,2026-09-01T10:00:00
evt_pay_chaos_000005,PAY-CHAOS-000005,ORD-CHAOS-000005,34500.00,captured,2026-09-01T10:15:00
evt_pay_chaos_000006,PAY-CHAOS-000006,ORD-CHAOS-000006,21200.00,captured,2026-09-01T10:30:00
evt_pay_chaos_000007,PAY-CHAOS-000007,ORD-CHAOS-000007,13900.00,captured,2026-09-01T10:45:00
evt_pay_chaos_000008,PAY-CHAOS-000008,ORD-CHAOS-000008,7600.00,captured,2026-09-01T11:00:00
evt_pay_chaos_000009,PAY-CHAOS-000009,ORD-CHAOS-000009,7300.00,captured,2026-09-01T11:15:00
evt_pay_chaos_000010,PAY-CHAOS-000010,ORD-CHAOS-000010,13000.00,captured,2026-09-01T11:30:00
evt_pay_chaos_000011,PAY-CHAOS-000011,ORD-CHAOS-000011,1600.00,captured,2026-09-01T11:45:00
evt_pay_chaos_000012,PAY-CHAOS-000012,ORD-CHAOS-000012,36200.00,captured,2026-09-01T12:00:00
evt_pay_chaos_000013,PAY-CHAOS-000013,ORD-CHAOS-000013,40000.00,captured,2026-09-01T12:15:00
evt_pay_chaos_000014,PAY-CHAOS-000014,ORD-CHAOS-000014,42400.00,captured,2026-09-01T12:30:00
evt_pay_chaos_000015,PAY-CHAOS-000015,ORD-CHAOS-000015,48600.00,captured,2026-09-01T12:45:00
evt_pay_chaos_000016,PAY-CHAOS-000016,ORD-CHAOS-000016,47700.00,captured,2026-09-01T13:00:00
evt_pay_chaos_000017,PAY-CHAOS-000017,ORD-CHAOS-000017,25600.00,captured,2026-09-01T13:15:00
evt_pay_chaos_000018,PAY-CHAOS-000018,ORD-CHAOS-000018,40200.00,captured,2026-09-01T13:30:00
evt_pay_chaos_000019,PAY-CHAOS-000019,ORD-CHAOS-000019,11400.00,captured,2026-09-01T13:45:00
evt_pay_chaos_000020,PAY-CHAOS-000020,ORD-CHAOS-000020,27100.00,captured,2026-09-01T14:00:00
evt_pay_chaos_000021,PAY-CHAOS-000021,ORD-CHAOS-000021,37700.00,captured,2026-09-01T14:15:00
evt_pay_chaos_000022,PAY-CHAOS-000022,ORD-CHAOS-000022,700.00,captured,2026-09-01T14:30:00
evt_pay_chaos_000023,PAY-CHAOS-000023,ORD-CHAOS-000023,48800.00,captured,2026-09-01T14:45:00
evt_pay_chaos_000024,PAY-CHAOS-000024,ORD-CHAOS-000024,35500.00,captured,2026-09-01T15:00:00
evt_pay_chaos_000025,PAY-CHAOS-000025,ORD-CHAOS-000025,48400.00,captured,2026-09-01T15:15:00
evt_pay_chaos_000026,PAY-CHAOS-000026,ORD-CHAOS-000026,3600.00,captured,2026-09-01T15:30:00
evt_pay_chaos_000027,PAY-CHAOS-000027,ORD-CHAOS-000027,18500.00,captured,2026-09-01T15:45:00
evt_pay_chaos_000028,PAY-CHAOS-000028,ORD-CHAOS-000028,10100.00,captured,2026-09-01T16:00:00
evt_pay_chaos_000029,PAY-CHAOS-000029,ORD-CHAOS-000029,10100.00,captured,2026-09-01T16:15:00
evt_pay_chaos_000030,PAY-CHAOS-000030,ORD-CHAOS-000030,46100.00,captured,2026-09-01T16:30:00
evt_pay_chaos_000031,PAY-CHAOS-000031,ORD-CHAOS-000031,36100.00,captured,2026-09-01T16:45:00
evt_pay_chaos_000032,PAY-CHAOS-000032,ORD-CHAOS-000032,8100.00,captured,2026-09-01T17:00:00
evt_pay_chaos_000033,PAY-CHAOS-000033,ORD-CHAOS-000033,39900.00,captured,2026-09-01T17:15:00
evt_pay_chaos_000034,PAY-CHAOS-000034,ORD-CHAOS-000034,14300.00,captured,2026-09-01T17:30:00
evt_pay_chaos_000035,PAY-CHAOS-000035,ORD-CHAOS-000035,27900.00,captured,2026-09-01T17:45:00
evt_pay_chaos_000036,PAY-CHAOS-000036,ORD-CHAOS-000036,40600.00,captured,2026-09-01T18:00:00
evt_pay_chaos_000037,PAY-CHAOS-000037,ORD-CHAOS-000037,1300.00,captured,2026-09-01T18:15:00
evt_pay_chaos_000038,PAY-CHAOS-000038,ORD-CHAOS-000038,9000.00,captured,2026-09-01T18:30:00
evt_pay_chaos_000039,PAY-CHAOS-000039,ORD-CHAOS-000039,5500.00,captured,2026-09-01T18:45:00
evt_pay_chaos_000040,PAY-CHAOS-000040,ORD-CHAOS-000040,22000.00,captured,2026-09-01T19:00:00
evt_pay_chaos_000041,PAY-CHAOS-000041,ORD-CHAOS-000041,17900.00,captured,2026-09-01T19:15:00
evt_pay_chaos_000042,PAY-CHAOS-000042,ORD-CHAOS-000042,31300.00,captured,2026-09-01T19:30:00
evt_pay_chaos_000043,PAY-CHAOS-000043,ORD-CHAOS-000043,22100.00,captured,2026-09-01T19:45:00
evt_pay_chaos_000044,PAY-CHAOS-000044,ORD-CHAOS-000044,17400.00,captured,2026-09-01T20:00:00
evt_pay_chaos_000045,PAY-CHAOS-000045,ORD-CHAOS-000045,24200.00,captured,2026-09-01T20:15:00
evt_pay_chaos_000046,PAY-CHAOS-000046,ORD-CHAOS-000046,500.00,captured,2026-09-01T20:30:00
evt_pay_chaos_000047,PAY-CHAOS-000047,ORD-CHAOS-000047,3400.00,captured,2026-09-01T20:45:00
evt_pay_chaos_000048,PAY-CHAOS-000048,ORD-CHAOS-000048,6200.00,captured,2026-09-01T21:00:00
evt_pay_chaos_000049,PAY-CHAOS-000049,ORD-CHAOS-000049,45900.00,captured,2026-09-01T21:15:00
evt_pay_chaos_000050,PAY-CHAOS-000050,ORD-CHAOS-000050,13700.00,captured,2026-09-01T21:30:00
evt_pay_chaos_000051,PAY-CHAOS-000051,ORD-CHAOS-000051,5300.00,captured,2026-09-01T21:45:00
evt_pay_chaos_000052,PAY-CHAOS-000052,ORD-CHAOS-000052,21100.00,captured,2026-09-01T22:00:00
evt_pay_chaos_000053,PAY-CHAOS-000053,ORD-CHAOS-000053,44700.00,captured,2026-09-01T22:15:00
evt_pay_chaos_000054,PAY-CHAOS-000054,ORD-CHAOS-000054,28800.00,captured,2026-09-01T22:30:00
evt_pay_chaos_000055,PAY-CHAOS-000055,ORD-CHAOS-000055,43000.00,captured,2026-09-01T22:45:00
evt_pay_chaos_000056,PAY-CHAOS-000056,ORD-CHAOS-000056,7700.00,captured,2026-09-01T23:00:00
evt_pay_chaos_000057,PAY-CHAOS-000057,ORD-CHAOS-000057,9300.00,captured,2026-09-01T23:15:00
evt_pay_chaos_000058,PAY-CHAOS-000058,ORD-CHAOS-000058,24500.00,captured,2026-09-01T23:30:00
evt_pay_chaos_000059,PAY-CHAOS-000059,ORD-CHAOS-000059,1900.00,captured,2026-09-01T23:45:00
evt_pay_chaos_000060,PAY-CHAOS-000060,ORD-CHAOS-000060,16300.00,captured,2026-09-02T00:00:00
evt_pay_chaos_000061,PAY-CHAOS-000061,ORD-CHAOS-000061,45900.00,captured,2026-09-02T00:15:00
evt_pay_chaos_000062,PAY-CHAOS-000062,ORD-CHAOS-000062,45000.00,captured,2026-09-02T00:30:00
evt_pay_chaos_000063,PAY-CHAOS-000063,ORD-CHAOS-000063,27700.00,captured,2026-09-02T00:45:00
evt_pay_chaos_000064,PAY-CHAOS-000064,ORD-CHAOS-000064,49100.00,captured,2026-09-02T01:00:00
evt_pay_chaos_000065,PAY-CHAOS-000065,ORD-CHAOS-000065,28900.00,captured,2026-09-02T01:15:00
evt_pay_chaos_000066,PAY-CHAOS-000066,ORD-CHAOS-000066,41500.00,captured,2026-09-02T01:30:00
evt_pay_chaos_000067,PAY-CHAOS-000067,ORD-CHAOS-000067,34200.00,captured,2026-09-02T01:45:00
evt_pay_chaos_000068,PAY-CHAOS-000068,ORD-CHAOS-000068,27200.00,captured,2026-09-02T02:00:00
evt_pay_chaos_000069,PAY-CHAOS-000069,ORD-CHAOS-000069,41600.00,captured,2026-09-02T02:15:00
evt_pay_chaos_000070,PAY-CHAOS-000070,ORD-CHAOS-000070,46500.00,captured,2026-09-02T02:30:00
evt_pay_chaos_000071,PAY-CHAOS-000071,ORD-CHAOS-000071,32800.00,captured,2026-09-02T02:45:00
evt_pay_chaos_000072,PAY-CHAOS-000072,ORD-CHAOS-000072,34500.00,captured,2026-09-02T03:00:00
evt_pay_chaos_000073,PAY-CHAOS-000073,ORD-CHAOS-000073,9200.00,captured,2026-09-02T03:15:00
evt_pay_chaos_000074,PAY-CHAOS-000074,ORD-CHAOS-000074,21400.00,captured,2026-09-02T03:30:00
evt_pay_chaos_000075,PAY-CHAOS-000075,ORD-CHAOS-000075,25800.00,captured,2026-09-02T03:45:00
evt_pay_chaos_000076,PAY-CHAOS-000076,ORD-CHAOS-000076,27000.00,failed,2026-09-02T04:00:00
evt_pay_chaos_000077,PAY-CHAOS-000077,ORD-CHAOS-000077,30800.00,failed,2026-09-02T04:15:00
evt_pay_chaos_000078,PAY-CHAOS-000078,ORD-CHAOS-000078,700.00,failed,2026-09-02T04:30:00
evt_pay_chaos_000079,PAY-CHAOS-000079,ORD-CHAOS-000079,46700.00,failed,2026-09-02T04:45:00
evt_pay_chaos_000080,PAY-CHAOS-000080,ORD-CHAOS-000080,39700.00,failed,2026-09-02T05:00:00
evt_pay_chaos_000081,PAY-CHAOS-000081,ORD-CHAOS-000081,29300.00,failed,2026-09-02T05:15:00
evt_pay_chaos_000082,PAY-CHAOS-000082,ORD-CHAOS-000082,31700.00,failed,2026-09-02T05:30:00
evt_pay_chaos_000083,PAY-CHAOS-000083,ORD-CHAOS-000083,21600.00,failed,2026-09-02T05:45:00
evt_pay_chaos_000084,PAY-CHAOS-000084,ORD-CHAOS-000084,2800.00,failed,2026-09-02T06:00:00
evt_pay_chaos_000085,PAY-CHAOS-000085,ORD-CHAOS-000085,47200.00,failed,2026-09-02T06:15:00
evt_pay_chaos_000086,PAY-CHAOS-000086,ORD-CHAOS-000086,10800.00,captured,2026-09-02T06:30:00
evt_pay_chaos_000087,PAY-CHAOS-000087,ORD-CHAOS-000087,25100.00,captured,2026-09-02T06:45:00
evt_pay_chaos_000088,PAY-CHAOS-000088,ORD-CHAOS-000088,10400.00,captured,2026-09-02T07:00:00
evt_pay_chaos_000089,PAY-CHAOS-000089,ORD-CHAOS-000089,48600.00,captured,2026-09-02T07:15:00
evt_pay_chaos_000090,PAY-CHAOS-000090,ORD-CHAOS-000090,22900.00,captured,2026-09-02T07:30:00
evt_pay_chaos_000091,PAY-CHAOS-000091,ORD-CHAOS-000091,2800.00,captured,2026-09-02T07:45:00
evt_pay_chaos_000092,PAY-CHAOS-000092,ORD-CHAOS-000092,33700.00,captured,2026-09-02T08:00:00
evt_pay_chaos_000093,PAY-CHAOS-000093,ORD-CHAOS-000093,40600.00,captured,2026-09-02T08:15:00
evt_pay_chaos_000094,PAY-CHAOS-000094,ORD-CHAOS-000094,34000.00,captured,2026-09-02T08:30:00
evt_pay_chaos_000095,PAY-CHAOS-000095,ORD-CHAOS-000095,22400.00,captured,2026-09-02T08:45:00
evt_pay_chaos_000096,PAY-CHAOS-000096,ORD-CHAOS-000096,5000.00,captured,2026-09-02T09:00:00
evt_pay_chaos_000096,PAY-CHAOS-000096,ORD-CHAOS-000096,5000.00,captured,2026-09-02T09:00:00
evt_pay_chaos_000097,PAY-CHAOS-000097,ORD-CHAOS-000097,20900.00,captured,2026-09-02T09:15:00
evt_pay_chaos_000097,PAY-CHAOS-000097,ORD-CHAOS-000097,20900.00,captured,2026-09-02T09:15:00
evt_pay_chaos_000098,PAY-CHAOS-000098,ORD-CHAOS-000098,11000.00,captured,2026-09-02T09:30:00
evt_pay_chaos_000098,PAY-CHAOS-000098,ORD-CHAOS-000098,11000.00,captured,2026-09-02T09:30:00
evt_pay_chaos_000099,PAY-CHAOS-000099,ORD-CHAOS-000099,15400.00,captured,2026-09-02T09:45:00
evt_pay_chaos_000099,PAY-CHAOS-000099,ORD-CHAOS-000099,15400.00,captured,2026-09-02T09:45:00
evt_pay_chaos_000100,PAY-CHAOS-000100,ORD-CHAOS-000100,19900.00,captured,2026-09-02T10:00:00
evt_pay_chaos_000100,PAY-CHAOS-000100,ORD-CHAOS-000100,19900.00,captured,2026-09-02T10:00:00
